<?xml version="1.0" encoding="UTF-8"?>

<mule xmlns:salesforce="http://www.mulesoft.org/schema/mule/salesforce" xmlns:ee="http://www.mulesoft.org/schema/mule/ee/core"
	xmlns:http="http://www.mulesoft.org/schema/mule/http"
	xmlns="http://www.mulesoft.org/schema/mule/core" xmlns:doc="http://www.mulesoft.org/schema/mule/documentation" xmlns:xsi="http://www.w3.org/2001/XMLSchema-instance" xsi:schemaLocation="http://www.mulesoft.org/schema/mule/core http://www.mulesoft.org/schema/mule/core/current/mule.xsd
http://www.mulesoft.org/schema/mule/http http://www.mulesoft.org/schema/mule/http/current/mule-http.xsd
http://www.mulesoft.org/schema/mule/ee/core http://www.mulesoft.org/schema/mule/ee/core/current/mule-ee.xsd
http://www.mulesoft.org/schema/mule/salesforce http://www.mulesoft.org/schema/mule/salesforce/current/mule-salesforce.xsd">
	<http:listener-config name="HTTP_Listener_config1" doc:name="HTTP Listener config" doc:id="cb52fcfd-b8dc-4ffe-bca1-8377f8308892" basePath="/api"   >
		<http:listener-connection host="0.0.0.0" port="8084" />
	</http:listener-config>
	<salesforce:sfdc-config name="Salesforce_Config" doc:name="Salesforce Config" doc:id="8008cec4-f4ed-4c99-a98e-d111f7c800b1" >
		<salesforce:basic-connection username="gayathri-47xs@force.com" password="Gayathri@22" securityToken="TXBNKXrjPfyxUVGw5D0ONZPHJ" url="https://login.salesforce.com/services/Soap/u/59.0"/>
	</salesforce:sfdc-config>
	<flow name="POST:UPSERT" doc:id="3a67c2fe-0526-4f2c-aad6-f745fc47dade" >
		<http:listener doc:name="Listener" doc:id="f5e590d3-e053-45d6-8de5-c91328e1d264" config-ref="HTTP_Listener_config1" path="/ncomposite"/>
		<salesforce:upsert objectType="Account" doc:name="Upsert" doc:id="e37fd130-bd4a-452c-9d7e-bb8bef62a49c" config-ref="Salesforce_Config" externalIdFieldName="CustomerId__c"/>
		<logger level="INFO" doc:name="SALESFORCE:UPSERT RESPONSE" doc:id="ce9efd0a-9261-4ec6-9936-233c31fab9e1" message="#[payload]"/>
		<ee:transform doc:name="Payload-JSON" doc:id="1a782242-d239-4ad0-adbc-e9ccf8581ad8" >
			<ee:message >
				<ee:set-payload ><![CDATA[%dw 2.0
output application/json
---
payload]]></ee:set-payload>
			</ee:message>
		</ee:transform>
	</flow>
	<flow name="POST:DELETE" doc:id="619dc802-0cf9-4422-a1d8-2e239e7df8b1" >
		<http:listener doc:name="Listener" doc:id="7bcfd90e-34a2-4e28-a6a3-53bce7a8b35f" config-ref="HTTP_Listener_config1" path="/delete"/>
		<set-variable value="#[[]]" doc:name="vars.deleteId-'[]'" doc:id="ff1a2417-6ca6-4501-b18e-bce5ba8eda21" variableName="deleteId"/>
		<foreach doc:name="For Each" doc:id="b8796b17-ba48-4426-bc6a-3aff97a190c1" collection="payload">
			<salesforce:query doc:name="Query" doc:id="c3905ead-48af-4527-81ad-5c3fb5026ee5" config-ref="Salesforce_Config">
			<salesforce:salesforce-query><![CDATA[select Id from Account where Name = ':Name' and CustomerId__c = :CustomerId__c and Phone = ':Phone']]></salesforce:salesforce-query>
				<salesforce:parameters ><![CDATA[#[{
	"Name": payload.Name,
	"CustomerId__c": payload.CustomerId__c,
	"Phone": payload.Phone
}]]]></salesforce:parameters>
		</salesforce:query>
			<ee:transform doc:name="vars.deleteId" doc:id="372c4326-a31c-4557-bce4-a4bc6290bb40">
			<ee:message>
			</ee:message>
			<ee:variables>
					<ee:set-variable variableName="deleteId" ><![CDATA[%dw 2.0
output application/json
---
vars.deleteId ++ payload]]></ee:set-variable>
			</ee:variables>
		</ee:transform>
		</foreach>
		<ee:transform doc:name="payload-item.Id" doc:id="6321f561-028a-4b32-b045-383f64b7e90d" >
			<ee:message >
				<ee:set-payload ><![CDATA[
%dw 2.0
output application/json
---
vars.deleteId map (item, index) -> item.Id]]></ee:set-payload>
			</ee:message>
		</ee:transform>
		<salesforce:delete doc:name="Delete" doc:id="860659d8-0daf-4504-8b39-0a1c65f514f0" config-ref="Salesforce_Config">
		</salesforce:delete>
	</flow>
	<flow name="GET:QUERYALL" doc:id="8ccf114a-8091-47a0-a9a7-d6f4e11e6826" >
		<http:listener doc:name="Listener" doc:id="4033b637-a446-4cd5-8678-8b670982a0f6" config-ref="HTTP_Listener_config1" path="/queryAll"/>
		<salesforce:query-all doc:name="Query all" doc:id="f1ed2caf-2205-4978-b91f-c8d7fbdcab6e" config-ref="Salesforce_Config">
			<salesforce:salesforce-query><![CDATA[select Name, Phone from Account]]></salesforce:salesforce-query>
		</salesforce:query-all>
		<ee:transform doc:name="payload-JSON" doc:id="cc07d207-1bba-4980-8d11-1150f0d79c2c" >
			<ee:message >
				<ee:set-payload ><![CDATA[%dw 2.0
output application/json
---
payload]]></ee:set-payload>
			</ee:message>
		</ee:transform>
		<logger level="INFO" doc:name="QUERYALL:RESPONSE" doc:id="9b7a788c-adfd-4df6-abf3-d2621b87c1f0" message="#[payload]"/>
	</flow>
</mule>


