<?xml version="1.0" encoding="UTF-8"?>

<mule xmlns:salesforce="http://www.mulesoft.org/schema/mule/salesforce" xmlns:batch="http://www.mulesoft.org/schema/mule/batch"
	xmlns:ee="http://www.mulesoft.org/schema/mule/ee/core"
	xmlns:salesforce-composite="http://www.mulesoft.org/schema/mule/salesforce-composite" xmlns:http="http://www.mulesoft.org/schema/mule/http" xmlns="http://www.mulesoft.org/schema/mule/core" xmlns:doc="http://www.mulesoft.org/schema/mule/documentation" xmlns:xsi="http://www.w3.org/2001/XMLSchema-instance" xsi:schemaLocation="http://www.mulesoft.org/schema/mule/core http://www.mulesoft.org/schema/mule/core/current/mule.xsd
http://www.mulesoft.org/schema/mule/http http://www.mulesoft.org/schema/mule/http/current/mule-http.xsd
http://www.mulesoft.org/schema/mule/salesforce-composite http://www.mulesoft.org/schema/mule/salesforce-composite/current/mule-salesforce-composite.xsd
http://www.mulesoft.org/schema/mule/ee/core http://www.mulesoft.org/schema/mule/ee/core/current/mule-ee.xsd
http://www.mulesoft.org/schema/mule/batch http://www.mulesoft.org/schema/mule/batch/current/mule-batch.xsd
http://www.mulesoft.org/schema/mule/salesforce http://www.mulesoft.org/schema/mule/salesforce/current/mule-salesforce.xsd">
	<http:listener-config name="HTTP_Listener_config" doc:name="HTTP Listener config" doc:id="9ad0dade-4c5d-47f3-8d50-12bd854f6a71" basePath="/api" >
		<http:listener-connection host="0.0.0.0" port="8081" />
	</http:listener-config>
	<salesforce-composite:composite-config name="Salesforce_Composite_Config" doc:name="Salesforce Composite Config" doc:id="261747b3-bb34-48d6-b1c2-9a4f21c3b455" >
		<salesforce-composite:oauth-user-pass-connection consumerKey="3MVG9bZIBBVRES4FTmL5FQzl0JgTO9ffbpUEHXpPiuCbtAWGlyB9cuOSwTDTdm3TfzxpXwakV2HZcSGNiYNjh" consumerSecret="AB6756A429E42F7AC5019170F9208E370D67A850743E947B039D6A9BAEFA40A7" username="gayathrimule@conflowence.com" password="Mulesoft123" securityToken="6Gk72JtNU2LrSW1tNVwuriHO"/>
	</salesforce-composite:composite-config>
	<salesforce:sfdc-config name="Salesforce_Config1" doc:name="Salesforce Config" doc:id="37e89060-5f69-420d-9e24-0fe9faa6d26c" >
		<salesforce:oauth-user-pass-connection consumerKey="3MVG9bZIBBVRES4FTmL5FQzl0JgTO9ffbpUEHXpPiuCbtAWGlyB9cuOSwTDTdm3TfzxpXwakV2HZcSGNiYNjh" consumerSecret="AB6756A429E42F7AC5019170F9208E370D67A850743E947B039D6A9BAEFA40A7" username="gayathrimule@conflowence.com" password="Mulesoft123" securityToken="6Gk72JtNU2LrSW1tNVwuriHO" />
	</salesforce:sfdc-config>
	<flow name="salesforce_composite_referenceID" doc:id="a9994d3d-b26f-47cb-9d36-e798b87f826a" >
		<http:listener doc:name="/compositeRequest/referenceID" doc:id="4930e70c-ad4c-4770-a144-5478945a3f01" config-ref="HTTP_Listener_config" path="/compositeRequest/referenceID"/>
		<salesforce-composite:execute-composite-request doc:name="Execute composite request by using referenceID" doc:id="b359b1aa-cc2f-47ea-8464-dcecff919631" config-ref="Salesforce_Composite_Config"/>
		<logger level="INFO" doc:name="Logger" doc:id="5d83f9f6-81f6-4b7e-a713-80ff2816b3fd" message="#[payload]"/>
	</flow>
	<flow name="salesforce_compositeFlow_recordtypeID" doc:id="b82d3cdf-78d0-40e4-8063-5eb34ddc4905" >
		<http:listener doc:name="/compositeRequest/recordtypeID" doc:id="e1764670-ec51-4765-9d9e-84ebe3351102" config-ref="HTTP_Listener_config" path="/compositeRequest/recordtypeID" />
		<salesforce-composite:execute-composite-request doc:name="Execute composite request-Query for a record type" doc:id="d19e3a1b-c6ef-491d-99a5-2605b677d1a1" config-ref="Salesforce_Composite_Config" />
		<logger level="INFO" doc:name="Logger" doc:id="58df1c43-1db9-467a-b8f7-1aa289d5d480" message="#[payload]" />
	</flow>
	<flow name="salesforce_compositeFlow_recordtype" doc:id="119a1778-c65a-4340-be69-5895f89ab4d0" >
		<http:listener doc:name="/compositeRequest/recordtype" doc:id="3e0cc939-f3d6-4fc6-b4cd-cdcd2163aea4" config-ref="HTTP_Listener_config" path="/compositeRequest/recordtype" />
		<salesforce-composite:execute-composite-request doc:name="Execute composite request-Insert a record using recordtypes." doc:id="85b67599-c1c5-4f1d-89c9-3b5249a55e03" config-ref="Salesforce_Composite_Config" />
		<logger level="INFO" doc:name="Logger" doc:id="e15ff85e-f0ef-4237-96fb-e57498fbcfd8" message="#[payload]" />
	</flow>
	<flow name="salesforce_compositeFlow_externalID" doc:id="92180b48-d263-4255-903e-aef87ba1473e" >
		<http:listener doc:name="/compositeRequest/externalID" doc:id="894c4760-82bc-4591-a647-4460ddb54f35" config-ref="HTTP_Listener_config" path="/compositeRequest/externalID" />
		<salesforce-composite:execute-composite-request doc:name="Execute composite request-Retrieve fields by using externalID" doc:id="d710eebf-e928-4322-a9bb-aaa006192194" config-ref="Salesforce_Composite_Config" />
		<logger level="INFO" doc:name="Logger" doc:id="acf0bd45-96a3-495a-bf34-9a40d888aebe" message="#[payload]" />
	</flow>
	<flow name="salesforce_compositeFlow-upsertRecordsUsingRecordtypeandExternalID" doc:id="6af6a737-1888-48ad-b7bf-bd6813ae501f" >
		<http:listener doc:name="/compositeRequest/externalIDandRecordtype" doc:id="ad184c5f-6219-4b16-a5a7-a06d4f404355" config-ref="HTTP_Listener_config" path="/compositeRequest/externalIDandRecordtype" />
		<set-payload value='#[[&#10;    {&#10;        "Name": "Account 1",&#10;        "Customer ID": "CUST001",&#10;        "Phone": "123-456-7890"&#10;    },&#10;    {&#10;        "Name": "Account 2",&#10;        "Customer ID": "CUST002",&#10;        "Phone": "234-567-8901"&#10;    },&#10;    {&#10;        "Name": "Account 3",&#10;        "Customer ID": "CUST003",&#10;        "Phone": "345-678-9012"&#10;    },&#10;    {&#10;        "Name": "Account 4",&#10;        "Customer ID": "CUST004",&#10;        "Phone": "456-789-0123"&#10;    },&#10;    {&#10;        "Name": "Account 5",&#10;        "Customer ID": "CUST005",&#10;        "Phone": "567-890-1234"&#10;    },&#10;    {&#10;        "Name": "Account 6",&#10;        "Customer ID": "CUST006",&#10;        "Phone": "678-901-2345"&#10;    },&#10;    {&#10;        "Name": "Account 7",&#10;        "Customer ID": "CUST007",&#10;        "Phone": "789-012-3456"&#10;    },&#10;    {&#10;        "Name": "Account 8",&#10;        "Customer ID": "CUST008",&#10;        "Phone": "890-123-4567"&#10;    },&#10;    {&#10;        "Name": "Account 9",&#10;        "Customer ID": "CUST009",&#10;        "Phone": "901-234-5678"&#10;    },&#10;    {&#10;        "Name": "Account 10",&#10;        "Customer ID": "CUST010",&#10;        "Phone": "012-345-6789"&#10;    },&#10;    {&#10;        "Name": "Account 11",&#10;        "Customer ID": "CUST011",&#10;        "Phone": "123-456-7890"&#10;    },&#10;    {&#10;        "Name": "Account 12",&#10;        "Customer ID": "CUST012",&#10;        "Phone": "234-567-8901"&#10;    },&#10;    {&#10;        "Name": "Account 13",&#10;        "Customer ID": "CUST013",&#10;        "Phone": "345-678-9012"&#10;    },&#10;    {&#10;        "Name": "Account 14",&#10;        "Customer ID": "CUST014",&#10;        "Phone": "456-789-0123"&#10;    },&#10;    {&#10;        "Name": "Account 15",&#10;        "Customer ID": "CUST015",&#10;        "Phone": "567-890-1234"&#10;    },&#10;    {&#10;        "Name": "Account 16",&#10;        "Customer ID": "CUST016",&#10;        "Phone": "678-901-2345"&#10;    },&#10;    {&#10;        "Name": "Account 17",&#10;        "Customer ID": "CUST017",&#10;        "Phone": "789-012-3456"&#10;    },&#10;    {&#10;        "Name": "Account 18",&#10;        "Customer ID": "CUST018",&#10;        "Phone": "890-123-4567"&#10;    },&#10;    {&#10;        "Name": "Account 19",&#10;        "Customer ID": "CUST019",&#10;        "Phone": "901-234-5678"&#10;    },&#10;    {&#10;        "Name": "Account 20",&#10;        "Customer ID": "CUST020",&#10;        "Phone": "012-345-6789"&#10;    },&#10;    {&#10;        "Name": "Account 21",&#10;        "Customer ID": "CUST021",&#10;        "Phone": "123-456-7890"&#10;    },&#10;    {&#10;        "Name": "Account 22",&#10;        "Customer ID": "CUST022",&#10;        "Phone": "234-567-8901"&#10;    },&#10;    {&#10;        "Name": "Account 23",&#10;        "Customer ID": "CUST023",&#10;        "Phone": "345-678-9012"&#10;    },&#10;    {&#10;        "Name": "Account 24",&#10;        "Customer ID": "CUST024",&#10;        "Phone": "456-789-0123"&#10;    },&#10;    {&#10;        "Name": "Account 25",&#10;        "Customer ID": "CUST025",&#10;        "Phone": "567-890-1234"&#10;    },&#10;    {&#10;        "Name": "Account 26",&#10;        "Customer ID": "CUST026",&#10;        "Phone": "678-901-2345"&#10;    },&#10;    {&#10;        "Name": "Account 27",&#10;        "Customer ID": "CUST027",&#10;        "Phone": "789-012-3456"&#10;    },&#10;    {&#10;        "Name": "Account 28",&#10;        "Customer ID": "CUST028",&#10;        "Phone": "890-123-4567"&#10;    },&#10;    {&#10;        "Name": "Account 29",&#10;        "Customer ID": "CUST029",&#10;        "Phone": "901-234-5678"&#10;    },&#10;    {&#10;        "Name": "Account 30",&#10;        "Customer ID": "CUST030",&#10;        "Phone": "012-345-6789"&#10;    },&#10;    {&#10;        "Name": "Account 31",&#10;        "Customer ID": "CUST031",&#10;        "Phone": "123-456-7890"&#10;    },&#10;    {&#10;        "Name": "Account 32",&#10;        "Customer ID": "CUST032",&#10;        "Phone": "234-567-8901"&#10;    },&#10;    {&#10;        "Name": "Account 33",&#10;        "Customer ID": "CUST033",&#10;        "Phone": "345-678-9012"&#10;    },&#10;    {&#10;        "Name": "Account 34",&#10;        "Customer ID": "CUST034",&#10;        "Phone": "456-789-0123"&#10;    },&#10;    {&#10;        "Name": "Account 35",&#10;        "Customer ID": "CUST035",&#10;        "Phone": "567-890-1234"&#10;    },&#10;    {&#10;        "Name": "Account 36",&#10;        "Customer ID": "CUST036",&#10;        "Phone": "678-901-2345"&#10;    },&#10;    {&#10;        "Name": "Account 37",&#10;        "Customer ID": "CUST037",&#10;        "Phone": "789-012-3456"&#10;    },&#10;    {&#10;        "Name": "Account 38",&#10;        "Customer ID": "CUST038",&#10;        "Phone": "890-123-4567"&#10;    },&#10;    {&#10;        "Name": "Account 39",&#10;        "Customer ID": "CUST039",&#10;        "Phone": "901-234-5678"&#10;    },&#10;    {&#10;        "Name": "Account 40",&#10;        "Customer ID": "CUST040",&#10;        "Phone": "012-345-6789"&#10;    },&#10;    {&#10;        "Name": "Account 41",&#10;        "Customer ID": "CUST041",&#10;        "Phone": "123-456-7890"&#10;    },&#10;    {&#10;        "Name": "Account 42",&#10;        "Customer ID": "CUST042",&#10;        "Phone": "234-567-8901"&#10;    },&#10;    {&#10;        "Name": "Account 43",&#10;        "Customer ID": "CUST043",&#10;        "Phone": "345-678-9012"&#10;    },&#10;	&#10;  {&#10;    "Name": "Account 44",&#10;    "Customer ID": "CUST044",&#10;    "Phone": "456-789-0123"&#10;  },&#10;  {&#10;    "Name": "Account 45",&#10;    "Customer ID": "CUST045",&#10;    "Phone": "567-890-1234"&#10;  },&#10;  {&#10;    "Name": "Account 46",&#10;    "Customer ID": "CUST046",&#10;    "Phone": "678-901-2345"&#10;  },&#10;  {&#10;    "Name": "Account 47",&#10;    "Customer ID": "CUST047",&#10;    "Phone": "789-012-3456"&#10;  },&#10;  {&#10;    "Name": "Account 48",&#10;    "Customer ID": "CUST048",&#10;    "Phone": "890-123-4567"&#10;  },&#10;  {&#10;    "Name": "Account 49",&#10;    "Customer ID": "CUST049",&#10;    "Phone": "901-234-5678"&#10;  },&#10;  {&#10;    "Name": "Account 50",&#10;    "Customer ID": "CUST050",&#10;    "Phone": "012-345-6789"&#10;  },&#10;  {&#10;    "Name": "Account 51",&#10;    "Customer ID": "CUST051",&#10;    "Phone": "123-456-7890"&#10;  },&#10;  {&#10;    "Name": "Account 52",&#10;    "Customer ID": "CUST052",&#10;    "Phone": "234-567-8901"&#10;  },&#10;  {&#10;    "Name": "Account 53",&#10;    "Customer ID": "CUST053",&#10;    "Phone": "345-678-9012"&#10;  },&#10;  {&#10;    "Name": "Account 54",&#10;    "Customer ID": "CUST054",&#10;    "Phone": "456-789-0123"&#10;  },&#10;  {&#10;    "Name": "Account 55",&#10;    "Customer ID": "CUST055",&#10;    "Phone": "567-890-1234"&#10;  },&#10;  {&#10;    "Name": "Account 56",&#10;    "Customer ID": "CUST056",&#10;    "Phone": "678-901-2345"&#10;  },&#10;  {&#10;    "Name": "Account 57",&#10;    "Customer ID": "CUST057",&#10;    "Phone": "789-012-3456"&#10;  },&#10;  {&#10;    "Name": "Account 58",&#10;    "Customer ID": "CUST058",&#10;    "Phone": "890-123-4567"&#10;  },&#10;  {&#10;    "Name": "Account 59",&#10;    "Customer ID": "CUST059",&#10;    "Phone": "901-234-5678"&#10;  },&#10;  {&#10;    "Name": "Account 60",&#10;    "Customer ID": "CUST060",&#10;    "Phone": "012-345-6789"&#10;  },&#10;  {&#10;    "Name": "Account 61",&#10;    "Customer ID": "CUST061",&#10;    "Phone": "123-456-7890"&#10;  },&#10;  {&#10;    "Name": "Account 62",&#10;    "Customer ID": "CUST062",&#10;    "Phone": "234-567-8901"&#10;  },&#10;  {&#10;    "Name": "Account 63",&#10;    "Customer ID": "CUST063",&#10;    "Phone": "345-678-9012"&#10;  },&#10;  {&#10;    "Name": "Account 64",&#10;    "Customer ID": "CUST064",&#10;    "Phone": "456-789-0123"&#10;  },&#10;  {&#10;    "Name": "Account 65",&#10;    "Customer ID": "CUST065",&#10;    "Phone": "567-890-1234"&#10;  },&#10;  {&#10;    "Name": "Account 66",&#10;    "Customer ID": "CUST066",&#10;    "Phone": "678-901-2345"&#10;  },&#10;  {&#10;    "Name": "Account 67",&#10;    "Customer ID": "CUST067",&#10;    "Phone": "789-012-3456"&#10;  },&#10;  {&#10;    "Name": "Account 68",&#10;    "Customer ID": "CUST068",&#10;    "Phone": "890-123-4567"&#10;  },&#10;  {&#10;    "Name": "Account 69",&#10;    "Customer ID": "CUST069",&#10;    "Phone": "901-234-5678"&#10;  },&#10;  {&#10;    "Name": "Account 70",&#10;    "Customer ID": "CUST070",&#10;    "Phone": "012-345-6789"&#10;  },&#10;  {&#10;    "Name": "Account 71",&#10;    "Customer ID": "CUST071",&#10;    "Phone": "123-456-7890"&#10;  },&#10;  {&#10;    "Name": "Account 72",&#10;    "Customer ID": "CUST072",&#10;    "Phone": "234-567-8901"&#10;  },&#10;  {&#10;    "Name": "Account 73",&#10;    "Customer ID": "CUST073",&#10;    "Phone": "345-678-9012"&#10;  },&#10;  {&#10;    "Name": "Account 74",&#10;    "Customer ID": "CUST074",&#10;    "Phone": "456-789-0123"&#10;  },&#10;  {&#10;    "Name": "Account 75",&#10;    "Customer ID": "CUST075",&#10;    "Phone": "567-890-1234"&#10;  },&#10;  {&#10;    "Name": "Account 76",&#10;    "Customer ID": "CUST076",&#10;    "Phone": "678-901-2345"&#10;  },&#10;  {&#10;    "Name": "Account 77",&#10;    "Customer ID": "CUST077",&#10;    "Phone": "789-012-3456"&#10;  },&#10;  {&#10;    "Name": "Account 78",&#10;    "Customer ID": "CUST078",&#10;    "Phone": "890-123-4567"&#10;  },&#10;  {&#10;    "Name": "Account 79",&#10;    "Customer ID": "CUST079",&#10;    "Phone": "901-234-5678"&#10;  },&#10;  {&#10;    "Name": "Account 80",&#10;    "Customer ID": "CUST080",&#10;    "Phone": "012-345-6789"&#10;  },&#10;  {&#10;    "Name": "Account 81",&#10;    "Customer ID": "CUST081",&#10;    "Phone": "123-456-7890"&#10;  },&#10;  {&#10;    "Name": "Account 82",&#10;    "Customer ID": "CUST082",&#10;    "Phone": "234-567-8901"&#10;  },&#10;  {&#10;    "Name": "Account 83",&#10;    "Customer ID": "CUST083",&#10;    "Phone": "345-678-9012"&#10;  },&#10;  {&#10;    "Name": "Account 84",&#10;    "Customer ID": "CUST084",&#10;    "Phone": "456-789-0123"&#10;  },&#10;  {&#10;    "Name": "Account 85",&#10;    "Customer ID": "CUST085",&#10;    "Phone": "567-890-1234"&#10;  },&#10;  {&#10;    "Name": "Account 86",&#10;    "Customer ID": "CUST086",&#10;    "Phone": "678-901-2345"&#10;  },&#10;  {&#10;    "Name": "Account 87",&#10;    "Customer ID": "CUST087",&#10;    "Phone": "789-012-3456"&#10;  },&#10;  {&#10;    "Name": "Account 88",&#10;    "Customer ID": "CUST088",&#10;    "Phone": "890-123-4567"&#10;  },&#10;  {&#10;    "Name": "Account 89",&#10;    "Customer ID": "CUST089",&#10;    "Phone": "901-234-5678"&#10;  },&#10;  {&#10;    "Name": "Account 90",&#10;    "Customer ID": "CUST090",&#10;    "Phone": "012-345-6789"&#10;  },&#10;  {&#10;    "Name": "Account 91",&#10;    "Customer ID": "CUST091",&#10;    "Phone": "123-456-7890"&#10;  },&#10;  {&#10;    "Name": "Account 92",&#10;    "Customer ID": "CUST092",&#10;    "Phone": "234-567-8901"&#10;  },&#10;  {&#10;    "Name": "Account 93",&#10;    "Customer ID": "CUST093",&#10;    "Phone": "345-678-9012"&#10;  },&#10;  {&#10;    "Name": "Account 94",&#10;    "Customer ID": "CUST094",&#10;    "Phone": "456-789-0123"&#10;  },&#10;  {&#10;    "Name": "Account 95",&#10;    "Customer ID": "CUST095",&#10;    "Phone": "567-890-1234"&#10;  },&#10;  {&#10;    "Name": "Account 96",&#10;    "Customer ID": "CUST096",&#10;    "Phone": "678-901-2345"&#10;  },&#10;  {&#10;    "Name": "Account 97",&#10;    "Customer ID": "CUST097",&#10;    "Phone": "789-012-3456"&#10;  },&#10;  {&#10;    "Name": "Account 98",&#10;    "Customer ID": "CUST098",&#10;    "Phone": "890-123-4567"&#10;  },&#10;  {&#10;    "Name": "Account 99",&#10;    "Customer ID": "CUST099",&#10;    "Phone": "901-234-5678"&#10;  },&#10;  {&#10;    "Name": "Account 100",&#10;    "Customer ID": "CUST100",&#10;    "Phone": "012-345-6789"&#10;  },&#10;  {&#10;    "Name": "Account 101",&#10;    "Customer ID": "CUST101",&#10;    "Phone": "123-456-7890"&#10;  },&#10;  {&#10;    "Name": "Account 102",&#10;    "Customer ID": "CUST102",&#10;    "Phone": "234-567-8901"&#10;  },&#10;  {&#10;    "Name": "Account 103",&#10;    "Customer ID": "CUST103",&#10;    "Phone": "345-678-9012"&#10;  },&#10;  {&#10;    "Name": "Account 104",&#10;    "Customer ID": "CUST104",&#10;    "Phone": "456-789-0123"&#10;  },&#10;  {&#10;    "Name": "Account 105",&#10;    "Customer ID": "CUST105",&#10;    "Phone": "567-890-1234"&#10;  },&#10;  {&#10;    "Name": "Account 106",&#10;    "Customer ID": "CUST106",&#10;    "Phone": "678-901-2345"&#10;  },&#10;  {&#10;    "Name": "Account 107",&#10;    "Customer ID": "CUST107",&#10;    "Phone": "789-012-3456"&#10;  },&#10;  {&#10;    "Name": "Account 108",&#10;    "Customer ID": "CUST108",&#10;    "Phone": "890-123-4567"&#10;  },&#10;  {&#10;    "Name": "Account 109",&#10;    "Customer ID": "CUST109",&#10;    "Phone": "901-234-5678"&#10;  },&#10;  {&#10;    "Name": "Account 110",&#10;    "Customer ID": "CUST110",&#10;    "Phone": "012-345-6789"&#10;  },&#10;  {&#10;    "Name": "Account 111",&#10;    "Customer ID": "CUST111",&#10;    "Phone": "123-456-7890"&#10;  },&#10;  {&#10;    "Name": "Account 112",&#10;    "Customer ID": "CUST112",&#10;    "Phone": "234-567-8901"&#10;  },&#10;  {&#10;    "Name": "Account 113",&#10;    "Customer ID": "CUST113",&#10;    "Phone": "345-678-9012"&#10;  },&#10;  {&#10;    "Name": "Account 114",&#10;    "Customer ID": "CUST114",&#10;    "Phone": "456-789-0123"&#10;  },&#10;  {&#10;    "Name": "Account 115",&#10;    "Customer ID": "CUST115",&#10;    "Phone": "567-890-1234"&#10;  },&#10;  {&#10;    "Name": "Account 116",&#10;    "Customer ID": "CUST116",&#10;    "Phone": "678-901-2345"&#10;  },&#10;  {&#10;    "Name": "Account 117",&#10;    "Customer ID": "CUST117",&#10;    "Phone": "789-012-3456"&#10;  },&#10;  {&#10;    "Name": "Account 118",&#10;    "Customer ID": "CUST118",&#10;    "Phone": "890-123-4567"&#10;  },&#10;  {&#10;    "Name": "Account 119",&#10;    "Customer ID": "CUST119",&#10;    "Phone": "901-234-5678"&#10;  },&#10;  {&#10;    "Name": "Account 120",&#10;    "Customer ID": "CUST120",&#10;    "Phone": "012-345-6789"&#10;  },&#10;  {&#10;    "Name": "Account 121",&#10;    "Customer ID": "CUST121",&#10;    "Phone": "123-456-7890"&#10;  },&#10;  {&#10;    "Name": "Account 122",&#10;    "Customer ID": "CUST122",&#10;    "Phone": "234-567-8901"&#10;  },&#10;  {&#10;    "Name": "Account 123",&#10;    "Customer ID": "CUST123",&#10;    "Phone": "345-678-9012"&#10;  },&#10;  {&#10;    "Name": "Account 124",&#10;    "Customer ID": "CUST124",&#10;    "Phone": "456-789-0123"&#10;  },&#10;  {&#10;    "Name": "Account 125",&#10;    "Customer ID": "CUST125",&#10;    "Phone": "567-890-1234"&#10;  },&#10;  {&#10;    "Name": "Account 126",&#10;    "Customer ID": "CUST126",&#10;    "Phone": "678-901-2345"&#10;  },&#10;  {&#10;    "Name": "Account 127",&#10;    "Customer ID": "CUST127",&#10;    "Phone": "789-012-3456"&#10;  },&#10;  {&#10;    "Name": "Account 128",&#10;    "Customer ID": "CUST128",&#10;    "Phone": "890-123-4567"&#10;  },&#10;  {&#10;    "Name": "Account 129",&#10;    "Customer ID": "CUST129",&#10;    "Phone": "901-234-5678"&#10;  },&#10;  {&#10;    "Name": "Account 130",&#10;    "Customer ID": "CUST130",&#10;    "Phone": "012-345-6789"&#10;  },&#10;  {&#10;    "Name": "Account 131",&#10;    "Customer ID": "CUST131",&#10;    "Phone": "123-456-7890"&#10;  },&#10;  {&#10;    "Name": "Account 132",&#10;    "Customer ID": "CUST132",&#10;    "Phone": "234-567-8901"&#10;  },&#10;  {&#10;    "Name": "Account 133",&#10;    "Customer ID": "CUST133",&#10;    "Phone": "345-678-9012"&#10;  },&#10;  {&#10;    "Name": "Account 134",&#10;    "Customer ID": "CUST134",&#10;    "Phone": "456-789-0123"&#10;  },&#10;  {&#10;    "Name": "Account 135",&#10;    "Customer ID": "CUST135",&#10;    "Phone": "567-890-1234"&#10;  },&#10;  {&#10;    "Name": "Account 136",&#10;    "Customer ID": "CUST136",&#10;    "Phone": "678-901-2345"&#10;  },&#10;  {&#10;    "Name": "Account 137",&#10;    "Customer ID": "CUST137",&#10;    "Phone": "789-012-3456"&#10;  },&#10;  {&#10;    "Name": "Account 138",&#10;    "Customer ID": "CUST138",&#10;    "Phone": "890-123-4567"&#10;  },&#10;  {&#10;    "Name": "Account 139",&#10;    "Customer ID": "CUST139",&#10;    "Phone": "901-234-5678"&#10;  },&#10;  {&#10;    "Name": "Account 140",&#10;    "Customer ID": "CUST140",&#10;    "Phone": "012-345-6789"&#10;  },&#10;  {&#10;    "Name": "Account 141",&#10;    "Customer ID": "CUST141",&#10;    "Phone": "123-456-7890"&#10;  },&#10;  {&#10;    "Name": "Account 142",&#10;    "Customer ID": "CUST142",&#10;    "Phone": "234-567-8901"&#10;  },&#10;  {&#10;    "Name": "Account 143",&#10;    "Customer ID": "CUST143",&#10;    "Phone": "345-678-9012"&#10;  },&#10;  {&#10;    "Name": "Account 144",&#10;    "Customer ID": "CUST144",&#10;    "Phone": "456-789-0123"&#10;  },&#10;  {&#10;    "Name": "Account 145",&#10;    "Customer ID": "CUST145",&#10;    "Phone": "567-890-1234"&#10;  },&#10;  {&#10;    "Name": "Account 146",&#10;    "Customer ID": "CUST146",&#10;    "Phone": "678-901-2345"&#10;  },&#10;  {&#10;    "Name": "Account 147",&#10;    "Customer ID": "CUST147",&#10;    "Phone": "789-012-3456"&#10;  },&#10;  {&#10;    "Name": "Account 148",&#10;    "Customer ID": "CUST148",&#10;    "Phone": "890-123-4567"&#10;  },&#10;  {&#10;    "Name": "Account 149",&#10;    "Customer ID": "CUST149",&#10;    "Phone": "901-234-5678"&#10;  },&#10;  {&#10;    "Name": "Account 150",&#10;    "Customer ID": "CUST150",&#10;    "Phone": "012-345-6789"&#10;  },&#10;  {&#10;    "Name": "Account 151",&#10;    "Customer ID": "CUST151",&#10;    "Phone": "123-456-7890"&#10;  },&#10;  {&#10;    "Name": "Account 152",&#10;    "Customer ID": "CUST152",&#10;    "Phone": "234-567-8901"&#10;  },&#10;  {&#10;    "Name": "Account 153",&#10;    "Customer ID": "CUST153",&#10;    "Phone": "345-678-9012"&#10;  },&#10;  {&#10;    "Name": "Account 154",&#10;    "Customer ID": "CUST154",&#10;    "Phone": "456-789-0123"&#10;  },&#10;  {&#10;    "Name": "Account 155",&#10;    "Customer ID": "CUST155",&#10;    "Phone": "567-890-1234"&#10;  },&#10;  {&#10;    "Name": "Account 156",&#10;    "Customer ID": "CUST156",&#10;    "Phone": "678-901-2345"&#10;  },&#10;  {&#10;    "Name": "Account 157",&#10;    "Customer ID": "CUST157",&#10;    "Phone": "789-012-3456"&#10;  },&#10;  {&#10;    "Name": "Account 158",&#10;    "Customer ID": "CUST158",&#10;    "Phone": "890-123-4567"&#10;  },&#10;  {&#10;    "Name": "Account 159",&#10;    "Customer ID": "CUST159",&#10;    "Phone": "901-234-5678"&#10;  },&#10;  {&#10;    "Name": "Account 160",&#10;    "Customer ID": "CUST160",&#10;    "Phone": "012-345-6789"&#10;  },&#10;  {&#10;    "Name": "Account 161",&#10;    "Customer ID": "CUST161",&#10;    "Phone": "123-456-7890"&#10;  },&#10;  {&#10;    "Name": "Account 162",&#10;    "Customer ID": "CUST162",&#10;    "Phone": "234-567-8901"&#10;  },&#10;  {&#10;    "Name": "Account 163",&#10;    "Customer ID": "CUST163",&#10;    "Phone": "345-678-9012"&#10;  },&#10;  {&#10;    "Name": "Account 164",&#10;    "Customer ID": "CUST164",&#10;    "Phone": "456-789-0123"&#10;  },&#10;  {&#10;    "Name": "Account 165",&#10;    "Customer ID": "CUST165",&#10;    "Phone": "567-890-1234"&#10;  },&#10;  {&#10;    "Name": "Account 166",&#10;    "Customer ID": "CUST166",&#10;    "Phone": "678-901-2345"&#10;  },&#10;  {&#10;    "Name": "Account 167",&#10;    "Customer ID": "CUST167",&#10;    "Phone": "789-012-3456"&#10;  },&#10;  {&#10;    "Name": "Account 168",&#10;    "Customer ID": "CUST168",&#10;    "Phone": "890-123-4567"&#10;  },&#10;  {&#10;    "Name": "Account 169",&#10;    "Customer ID": "CUST169",&#10;    "Phone": "901-234-5678"&#10;  },&#10;  {&#10;    "Name": "Account 170",&#10;    "Customer ID": "CUST170",&#10;    "Phone": "012-345-6789"&#10;  },&#10;  {&#10;    "Name": "Account 171",&#10;    "Customer ID": "CUST171",&#10;    "Phone": "123-456-7890"&#10;  },&#10;  {&#10;    "Name": "Account 172",&#10;    "Customer ID": "CUST172",&#10;    "Phone": "234-567-8901"&#10;  },&#10;  {&#10;    "Name": "Account 173",&#10;    "Customer ID": "CUST173",&#10;    "Phone": "345-678-9012"&#10;  },&#10;  {&#10;    "Name": "Account 174",&#10;    "Customer ID": "CUST174",&#10;    "Phone": "456-789-0123"&#10;  },&#10;  {&#10;    "Name": "Account 175",&#10;    "Customer ID": "CUST175",&#10;    "Phone": "567-890-1234"&#10;  },&#10;  {&#10;    "Name": "Account 176",&#10;    "Customer ID": "CUST176",&#10;    "Phone": "678-901-2345"&#10;  },&#10;  {&#10;    "Name": "Account 177",&#10;    "Customer ID": "CUST177",&#10;    "Phone": "789-012-3456"&#10;  },&#10;  {&#10;    "Name": "Account 178",&#10;    "Customer ID": "CUST178",&#10;    "Phone": "890-123-4567"&#10;  },&#10;  {&#10;    "Name": "Account 179",&#10;    "Customer ID": "CUST179",&#10;    "Phone": "901-234-5678"&#10;  },&#10;  {&#10;    "Name": "Account 180",&#10;    "Customer ID": "CUST180",&#10;    "Phone": "012-345-6789"&#10;  },&#10;  {&#10;    "Name": "Account 181",&#10;    "Customer ID": "CUST181",&#10;    "Phone": "123-456-7890"&#10;  },&#10;  {&#10;    "Name": "Account 182",&#10;    "Customer ID": "CUST182",&#10;    "Phone": "234-567-8901"&#10;  },&#10;  {&#10;    "Name": "Account 183",&#10;    "Customer ID": "CUST183",&#10;    "Phone": "345-678-9012"&#10;  },&#10;  {&#10;    "Name": "Account 184",&#10;    "Customer ID": "CUST184",&#10;    "Phone": "456-789-0123"&#10;  },&#10;  {&#10;    "Name": "Account 185",&#10;    "Customer ID": "CUST185",&#10;    "Phone": "567-890-1234"&#10;  },&#10;  {&#10;    "Name": "Account 186",&#10;    "Customer ID": "CUST186",&#10;    "Phone": "678-901-2345"&#10;  },&#10;  {&#10;    "Name": "Account 187",&#10;    "Customer ID": "CUST187",&#10;    "Phone": "789-012-3456"&#10;  },&#10;  {&#10;    "Name": "Account 188",&#10;    "Customer ID": "CUST188",&#10;    "Phone": "890-123-4567"&#10;  },&#10;  {&#10;    "Name": "Account 189",&#10;    "Customer ID": "CUST189",&#10;    "Phone": "901-234-5678"&#10;  },&#10;  {&#10;    "Name": "Account 190",&#10;    "Customer ID": "CUST190",&#10;    "Phone": "012-345-6789"&#10;  },&#10;  {&#10;    "Name": "Account 191",&#10;    "Customer ID": "CUST191",&#10;    "Phone": "123-456-7890"&#10;  },&#10;  {&#10;    "Name": "Account 192",&#10;    "Customer ID": "CUST192",&#10;    "Phone": "234-567-8901"&#10;  },&#10;  {&#10;    "Name": "Account 193",&#10;    "Customer ID": "CUST193",&#10;    "Phone": "345-678-9012"&#10;  },&#10;  {&#10;    "Name": "Account 194",&#10;    "Customer ID": "CUST194",&#10;    "Phone": "456-789-0123"&#10;  },&#10;  {&#10;    "Name": "Account 195",&#10;    "Customer ID": "CUST195",&#10;    "Phone": "567-890-1234"&#10;  },&#10;  {&#10;    "Name": "Account 196",&#10;    "Customer ID": "CUST196",&#10;    "Phone": "678-901-2345"&#10;  },&#10;  {&#10;    "Name": "Account 197",&#10;    "Customer ID": "CUST197",&#10;    "Phone": "789-012-3456"&#10;  },&#10;  {&#10;    "Name": "Account 198",&#10;    "Customer ID": "CUST198",&#10;    "Phone": "890-123-4567"&#10;  },&#10;  {&#10;    "Name": "Account 199",&#10;    "Customer ID": "CUST199",&#10;    "Phone": "901-234-5678"&#10;  },&#10;  {&#10;    "Name": "Account 200",&#10;    "Customer ID": "CUST200",&#10;    "Phone": "012-345-6789"&#10;  },&#10;  {&#10;    "Name": "Account 201",&#10;    "Customer ID": "CUST201",&#10;    "Phone": "123-456-7890"&#10;  },&#10;  {&#10;    "Name": "Account 202",&#10;    "Customer ID": "CUST202",&#10;    "Phone": "234-567-8901"&#10;  },&#10;  {&#10;    "Name": "Account 203",&#10;    "Customer ID": "CUST203",&#10;    "Phone": "345-678-9012"&#10;  },&#10;  {&#10;    "Name": "Account 204",&#10;    "Customer ID": "CUST204",&#10;    "Phone": "456-789-0123"&#10;  },&#10;  {&#10;    "Name": "Account 205",&#10;    "Customer ID": "CUST205",&#10;    "Phone": "567-890-1234"&#10;  },&#10;  {&#10;    "Name": "Account 206",&#10;    "Customer ID": "CUST206",&#10;    "Phone": "678-901-2345"&#10;  },&#10;  {&#10;    "Name": "Account 207",&#10;    "Customer ID": "CUST207",&#10;    "Phone": "789-012-3456"&#10;  },&#10;  {&#10;    "Name": "Account 208",&#10;    "Customer ID": "CUST208",&#10;    "Phone": "890-123-4567"&#10;  },&#10;  {&#10;    "Name": "Account 209",&#10;    "Customer ID": "CUST209",&#10;    "Phone": "901-234-5678"&#10;  },&#10;  {&#10;    "Name": "Account 210",&#10;    "Customer ID": "CUST210",&#10;    "Phone": "012-345-6789"&#10;  },&#10;  {&#10;    "Name": "Account 211",&#10;    "Customer ID": "CUST211",&#10;    "Phone": "123-456-7890"&#10;  },&#10;  {&#10;    "Name": "Account 212",&#10;    "Customer ID": "CUST212",&#10;    "Phone": "234-567-8901"&#10;  },&#10;  {&#10;    "Name": "Account 213",&#10;    "Customer ID": "CUST213",&#10;    "Phone": "345-678-9012"&#10;  },&#10;  {&#10;    "Name": "Account 214",&#10;    "Customer ID": "CUST214",&#10;    "Phone": "456-789-0123"&#10;  },&#10;  {&#10;        "Name": "Account 215",&#10;        "Customer ID": "CUST215",&#10;        "Phone": "567-890-1234"&#10;    },&#10;    {&#10;        "Name": "Account 216",&#10;        "Customer ID": "CUST216",&#10;        "Phone": "678-901-2345"&#10;    },&#10;    {&#10;        "Name": "Account 217",&#10;        "Customer ID": "CUST217",&#10;        "Phone": "789-012-3456"&#10;    },&#10;    {&#10;        "Name": "Account 218",&#10;        "Customer ID": "CUST218",&#10;        "Phone": "890-123-4567"&#10;    },&#10;    {&#10;        "Name": "Account 219",&#10;        "Customer ID": "CUST219",&#10;        "Phone": "901-234-5678"&#10;    },&#10;    {&#10;        "Name": "Account 220",&#10;        "Customer ID": "CUST220",&#10;        "Phone": "012-345-6789"&#10;    },&#10;    {&#10;        "Name": "Account 221",&#10;        "Customer ID": "CUST221",&#10;        "Phone": "123-456-7890"&#10;    },&#10;    {&#10;        "Name": "Account 222",&#10;        "Customer ID": "CUST222",&#10;        "Phone": "234-567-8901"&#10;    },&#10;    {&#10;        "Name": "Account 223",&#10;        "Customer ID": "CUST223",&#10;        "Phone": "345-678-9012"&#10;    },&#10;    {&#10;        "Name": "Account 224",&#10;        "Customer ID": "CUST224",&#10;        "Phone": "456-789-0123"&#10;    },&#10;    {&#10;        "Name": "Account 225",&#10;        "Customer ID": "CUST225",&#10;        "Phone": "567-890-1234"&#10;    },&#10;    {&#10;        "Name": "Account 226",&#10;        "Customer ID": "CUST226",&#10;        "Phone": "678-901-2345"&#10;    },&#10;    {&#10;        "Name": "Account 227",&#10;        "Customer ID": "CUST227",&#10;        "Phone": "789-012-3456"&#10;    },&#10;    {&#10;        "Name": "Account 228",&#10;        "Customer ID": "CUST228",&#10;        "Phone": "890-123-4567"&#10;    },&#10;    {&#10;        "Name": "Account 229",&#10;        "Customer ID": "CUST229",&#10;        "Phone": "901-234-5678"&#10;    },&#10;    {&#10;        "Name": "Account 230",&#10;        "Customer ID": "CUST230",&#10;        "Phone": "012-345-6789"&#10;    },&#10;    {&#10;        "Name": "Account 231",&#10;        "Customer ID": "CUST231",&#10;        "Phone": "123-456-7890"&#10;    },&#10;    {&#10;        "Name": "Account 232",&#10;        "Customer ID": "CUST232",&#10;        "Phone": "234-567-8901"&#10;    },&#10;    {&#10;        "Name": "Account 233",&#10;        "Customer ID": "CUST233",&#10;        "Phone": "345-678-9012"&#10;    },&#10;    {&#10;        "Name": "Account 234",&#10;        "Customer ID": "CUST234",&#10;        "Phone": "456-789-0123"&#10;    },&#10;    {&#10;        "Name": "Account 235",&#10;        "Customer ID": "CUST235",&#10;        "Phone": "567-890-1234"&#10;    },&#10;    {&#10;        "Name": "Account 236",&#10;        "Customer ID": "CUST236",&#10;        "Phone": "678-901-2345"&#10;    },&#10;    {&#10;        "Name": "Account 237",&#10;        "Customer ID": "CUST237",&#10;        "Phone": "789-012-3456"&#10;    },&#10;    {&#10;        "Name": "Account 238",&#10;        "Customer ID": "CUST238",&#10;        "Phone": "890-123-4567"&#10;    },&#10;    {&#10;        "Name": "Account 239",&#10;        "Customer ID": "CUST239",&#10;        "Phone": "901-234-5678"&#10;    },&#10;    {&#10;        "Name": "Account 240",&#10;        "Customer ID": "CUST240",&#10;        "Phone": "012-345-6789"&#10;    },&#10;    {&#10;        "Name": "Account 241",&#10;        "Customer ID": "CUST241",&#10;        "Phone": "123-456-7890"&#10;    },&#10;    {&#10;        "Name": "Account 242",&#10;        "Customer ID": "CUST242",&#10;        "Phone": "234-567-8901"&#10;    },&#10;    {&#10;        "Name": "Account 243",&#10;        "Customer ID": "CUST243",&#10;        "Phone": "345-678-9012"&#10;    },&#10;    {&#10;        "Name": "Account 244",&#10;        "Customer ID": "CUST244",&#10;        "Phone": "456-789-0123"&#10;    },&#10;    {&#10;        "Name": "Account 245",&#10;        "Customer ID": "CUST245",&#10;        "Phone": "567-890-1234"&#10;    },&#10;    {&#10;        "Name": "Account 246",&#10;        "Customer ID": "CUST246",&#10;        "Phone": "678-901-2345"&#10;    },&#10;    {&#10;        "Name": "Account 247",&#10;        "Customer ID": "CUST247",&#10;        "Phone": "789-012-3456"&#10;    },&#10;    {&#10;        "Name": "Account 248",&#10;        "Customer ID": "CUST248",&#10;        "Phone": "890-123-4567"&#10;    },&#10;    {&#10;        "Name": "Account 249",&#10;        "Customer ID": "CUST249",&#10;        "Phone": "901-234-5678"&#10;    },&#10;    {&#10;        "Name": "Account 250",&#10;        "Customer ID": "CUST250",&#10;        "Phone": "012-345-6789"&#10;    }]]' doc:name="Set Payload" doc:id="cde2dfb7-eaf5-4a6b-b5a9-c543a0c3eda9" />
		<batch:job jobName="salesforce_compositeBatch_Job" doc:id="f7361d55-a299-47b0-be74-19c3a9712192" maxFailedRecords="-1" blockSize="200">
			<batch:process-records >
				<batch:step name="Batch_Step" doc:id="b7e536d8-35e7-4fdc-b5cc-e022ab92f02a" >
					<logger level="INFO" doc:name="Logger" doc:id="d5168b4b-be82-40a9-a082-2f5776f3b1b1" message="#[payload]"/>
					<salesforce-composite:execute-composite-request doc:name="Execute composite request-upsertRecordsUsingRecordtypeandExternalID" doc:id="d4d7344a-406e-4495-8cb5-9d0eceef9f5b" config-ref="Salesforce_Composite_Config" >
						<salesforce-composite:request-body ><![CDATA[#[{
    "compositeRequest": [
        {
            "url": "/services/data/v58.0/query?q=SELECT+Id+FROM+RecordType+WHERE+SobjectType='Account'+AND+DeveloperName='Business_Customer'",
            "method": "GET",
            "referenceId": "recordType"
        },
         {
            "method": "PATCH",
            "url": "/services/data/v58.0/sobjects/Account/CustomerId__c",
            "referenceId": "Upsertresult",
            "body": {
                "records": [{
                    "attributes": {
                        "type": "Account"
                    },
                    "Name": payload.Name,
                    "CustomerId__c": payload."Customer ID",
                    "Phone" : payload.Phone,
                    "RecordTypeId" : "@{recordType.records[0].Id}"
                    }
                ]
            }
        }
        ]}]]]></salesforce-composite:request-body>
					</salesforce-composite:execute-composite-request>
					<logger level="INFO" doc:name="Logger" doc:id="6d8faee7-1cdd-416f-9404-c1a69d9e64d6" message="#[payload]"/>
				</batch:step>
			</batch:process-records>
			<batch:on-complete>
				<logger level="INFO" doc:name="Logger" doc:id="6a63abe1-20d7-4da2-8c05-473c364bb57d" message="#[payload]"/>
			</batch:on-complete>
		</batch:job>
		<logger level="INFO" doc:name="Logger" doc:id="16fb6344-1bcf-4629-a7c2-3bd38f186e48" message="#[payload]" />
	</flow>
	<flow name="salesforce_compositeFlow" doc:id="205a1677-487a-4a77-81a7-e0bf4ad59d2e" >
		<http:listener doc:name="/compositeRequest/externalIDandRecordtype" doc:id="1197a14e-3962-4d89-95f0-78e335e4d8c0" config-ref="HTTP_Listener_config" path="/compositeRequest/externalIDandRecordtypefor" />
		<set-payload doc:name="Set Payload" doc:id="4b21bcdb-590c-4f6d-b207-640cd4e7017f" value='#[[&#10;    {&#10;        "Name": "Account 1",&#10;        "Customer ID": "CUST001",&#10;        "Phone": "123-456-7890",&#10;        "Email" : "fx@gmail.com"&#10;        &#10;    },&#10;    {&#10;        "Name": "Account 2",&#10;        "Customer ID": "CUST001",&#10;        "Phone": "234-567-8901",&#10;         "Email" : "ex@gmail.com"&#10;        &#10;    },&#10;    {&#10;        "Name": "Account 3",&#10;       "Customer ID": "CUST003",&#10;        "Phone": "345-678-9012",&#10;         "Email" : "dx@gmail.com"&#10;    },&#10;    {&#10;        "Name": "Account 4",&#10;         "Customer ID": "CUST004",&#10;        "Phone": "456-789-0123",&#10;         "Email" : "cx@gmail.com"&#10;       &#10;       &#10;    },&#10;    {&#10;        "Name": "Account 5",&#10;        "Customer ID": "CUST005",&#10;        "Phone": "567-890-1234",&#10;         "Email" : "bx@gmail.com"&#10;         &#10;    },&#10;     {&#10;        "Name": "Account 6",&#10;        "Customer ID": "CUSTOMER005",&#10;        "Phone": "985-890-1234",&#10;        "Email" : "acc@gmail.com"&#10;         &#10;    }]]'/>
		<ee:transform doc:name="Transform Message" doc:id="b9b4e0a5-91db-4b5f-b704-8d3ec1d56b02" >
			<ee:message >
			</ee:message>
			<ee:variables >
				<ee:set-variable variableName="request" ><![CDATA[
payload]]></ee:set-variable>
			</ee:variables>
		</ee:transform>
		<set-variable value="#[[]]" doc:name="Set Variable" doc:id="1181b074-6ab8-4187-bef2-bf028530868d" variableName="inital"/>
		<foreach doc:name="For Each" doc:id="ab0cb1d4-2344-4c46-875c-d6b65583f745" collection="#[payload]" batchSize="6">
			<ee:transform doc:name="Transform Message" doc:id="3484aa95-1a22-482c-a139-b4b3838c9fac" >
				<ee:message >
				</ee:message>
				<ee:variables >
					<ee:set-variable variableName="compositerequest" ><![CDATA[%dw 2.0
output application/json
---
{
	"allOrNone" : true,
    "compositeRequest": [
        {
            "url": "/services/data/v58.0/query?q=SELECT+Id+FROM+RecordType+WHERE+SobjectType='Account'+AND+DeveloperName='Business_Customer'",
            "method": "GET",
            "referenceId": "recordType"
        } ,
        {

             
            "method": "PATCH",
            "url": "/services/data/v58.0/composite/sobjects/Account/CustomerId__c",
            "referenceId": "upsertresult"  ,   
            "body": {
                "records":payload map  {
                    "attributes": {
                        "type": "Account"
                    },
                    "Name": $.Name,
                    "CustomerId__c": $."Customer ID",
                    "Phone" : $.Phone,
                    "Email__c" : $."Email",
                    "RecordTypeId" : "@{recordType.records[0].Id}"
                }
                
            }
        
           }

    ] 
}
]]></ee:set-variable>
				</ee:variables>
			</ee:transform>
			<salesforce-composite:execute-composite-request doc:name="Execute composite request" doc:id="84a4904b-ba0e-4500-8d19-ccf6e881e361" config-ref="Salesforce_Composite_Config">
				<salesforce-composite:request-body ><![CDATA[#[output application/json
---
vars.compositerequest]]]></salesforce-composite:request-body>
			</salesforce-composite:execute-composite-request>
			<logger level="INFO" doc:name="LOG-DEBUG" doc:id="93f6837c-8a2b-42bf-b4e2-f11520856de5" message="LOG-DEBUG #[payload]" />
			<ee:transform doc:name="Transform Message" doc:id="1288d2ca-c068-4719-8d75-02b9afa8133a" >
				<ee:message >
				</ee:message>
				<ee:variables >
					<ee:set-variable variableName="inital" ><![CDATA[%dw 2.0
output application/json
---
vars.inital + payload]]></ee:set-variable>
				</ee:variables>
			</ee:transform>
			<logger level="INFO" doc:name="Logger" doc:id="a09442ed-5c7e-4402-ac90-40d4cf50a5c8" message="#[vars.inital]"/>
		</foreach>
		<ee:transform doc:name="Transform Message" doc:id="4435fe25-dc06-47f5-8083-2f9610fcebe1" >
			<ee:message >
			</ee:message>
			<ee:variables >
				<ee:set-variable variableName="SFDCResponse" ><![CDATA[%dw 2.0
output application/json
---
(((vars.inital[0].compositeResponse[1].body) map (item, index) -> ({
    "index": index,
    "success": item.success,
    "errorMessage" : item.errors.message[0]
    
})) filter $.success != true) map ((item1, index1) -> 
{
    "index": item1.index,
    "errorMessage" : item1.errorMessage,
    "Customer ID" : vars.request[item1.index]."Customer ID"
}
)]]></ee:set-variable>
			</ee:variables>
		</ee:transform>
		<logger level="INFO" doc:name="Logger" doc:id="35e46e7c-e3fc-45c9-83d2-8c329df0910a" message='SFDC response #[vars."SFDCResponse"]'/>
				<choice doc:name="Choice" doc:id="72b23cd7-cb2a-4217-8576-5553d3ba61f3" >
			<when expression='#[vars."SFDCResponse"== []]'>
				<logger level="INFO" doc:name="Logger" doc:id="47fe53f2-dfd2-4877-8c2a-13eb34120f40" message="LOG-COMPOSITE REQUEST SUCCESS"/>
			</when>
			<otherwise>
				<raise-error doc:name="Raise error" doc:id="dc23a86f-4f42-49a8-9ed9-644fd32985fb" type="ANY"/>
			</otherwise>
		</choice>
	</flow>
	<flow name="salesforce_compositeFlow1" doc:id="496e8b15-35f2-4e34-a9a3-95bb613bd4bc" >
		<http:listener doc:name="Listener" doc:id="f1715d85-ceae-4bdd-a34e-525612d98eb1" config-ref="HTTP_Listener_config" path="/batch"/>
		<salesforce-composite:execute-composite-request doc:name="Execute composite request" doc:id="5fcc279c-8b5f-434a-951f-e06279623443" config-ref="Salesforce_Composite_Config">
			<salesforce-composite:request-body ><![CDATA[#[{
  "compositeRequest": [
    {
      "url": "/services/data/v58.0/query?q=SELECT+Id+FROM+RecordType+WHERE+SobjectType='Account'+AND+DeveloperName='Business_Customer'",
      "method": "GET",
      "referenceId": "recordType"
    },
    
      {
        "method": "PATCH",
        "url": "/services/data/v58.0/composite/sobjects/Account/CustomerId__c",
        "referenceId": "Upsertresult0",
        "body": {
          "records": [
            {
              "attributes": {
                "type": "Account"
              },
              "Name": "Account 1",
              
              "Phone": "123-456-7890",
              "RecordTypeId": "@{recordType.records[0].Id}"
            }]}},
             {
        "method": "PATCH",
        "url": "/services/data/v58.0/composite/sobjects/Account/CustomerId__c",
        "referenceId": "Upsertresult1",
        "body": {
          "records": [
             {
              "attributes": {
                "type": "Account"
              },
              "Name": "Account 2",
              
              "Phone": "321-456-7890",
              "RecordTypeId": "@{recordType.records[0].Id}"
            }]}},
              {
        "method": "PATCH",
        "url": "/services/data/v58.0/composite/sobjects/Account/CustomerId__c",
        "referenceId": "Upsertresult3",
        "body": {
          "records": [
            {
              "attributes": {
                "type": "Account"
              },
              "Name": "Account 3",
              "CustomerId__c": "CUST003",
              "Phone": "123-000-7890",
              "RecordTypeId": "@{recordType.records[0].Id}"
            }]}}]}]]]></salesforce-composite:request-body>
		</salesforce-composite:execute-composite-request>
		<logger level="INFO" doc:name="Logger" doc:id="f135ec6b-27ae-4ca1-8259-180c514dab4c" message="#[output application/json&#10;---&#10;payload]"/>
	</flow>
	<flow name="salesforce_compositeFlow2" doc:id="94706f24-bc98-46c4-b0b2-54f37158d15e" >
		<http:listener doc:name="Listener" doc:id="b68e4ea9-a9d7-465e-be4d-195c869cd976" config-ref="HTTP_Listener_config" path="/compbatch"/>
		<ee:transform doc:name="Transform Message" doc:id="23e4978b-0d9f-4b39-a63a-2097b886981d" >
			<ee:message >
				<ee:set-payload ><![CDATA[%dw 2.0
output application/json
---
{
  "batchRequests" : [
  {
    "method": "PATCH",
    "url": "/v58.0/sobjects/account/001IS000005dSI0YAM",
    "richInput": {
      "Name": "NewName"
    }
  },
  {
    "method": "GET",
    "url": "/v58.0/sobjects/account/001IS000005dSI3YAM?fields=Name,Email__c"
  },
  {
    "method": "PATCH",
    "url": "/v58.0/sobjects/account/001IS000005dSI3YAM",
    "richInput": {
      "Name": "NewName2"
    }
  },
  {
    "method": "GET",
    "url": "/v58.0/sobjects/contact/001IS000004kGOsYAM?fields=AssistantName"
  },
   {
    "method": "POST",
    "url": "/services/data/v58.0/sobjects/Account",
    "richInput": {
      "Name": "New Account",
	  "Phone": "8512036488",
      "Email__c" : "gayathri@gmail.com"     
    }},
	{
    "method": "GET",
    "url": "/services/data/v58.0/query/?q=SELECT+Id,Name+FROM+Account+LIMIT+5"
  },
   {
    "method": "PATCH",
    "url": "/v58.0/sobjects/account/001IS000005dSI0YAM",
    "richInput": {
      "Name": "NewName"
    }
  },
  
    {
    "method": "POST",
    "url": "/services/data/v58.0/sobjects/Asset",
    "richInput": {
      "Address": "Address1"    
    }}
  ,
  {
    "method": "GET",
    "url": "/v58.0/sobjects/account/001IS000005dSM0YAM?fields=Name,Email__c,Phone"
  },
  {
    "method": "GET",
    "url": "/v58.0/sobjects/account/001IS000005dSLzYAM?fields=Name,Email__c,Phone"
  },
  {
    "method": "POST",
    "url": "/services/data/v58.0/sobjects/order",
    "richInput": {
      "Name": "Intel"    
    }
  },
  {
    "method": "GET",
    "url": "/v58.0/sobjects/account/001IS000005dSLpYAM?fields=Name,Email__c,Phone"
  },
  {
    "method": "GET",
    "url": "/v58.0/sobjects/account/001IS000005dSLnYAM?fields=Name,Email__c,Phone"
  },
  {
    "method": "GET",
    "url": "/v58.0/sobjects/account/001IS000005dSLmYAM?fields=Name,Email__c,Phone"
  },
  {
    "method": "GET",
    "url": "/v58.0/sobjects/account/001IS000005dSLhYAM?fields=Name,Email__c,Phone"
  },
  {
    "method": "GET",
    "url": "/v58.0/sobjects/account/001IS000005dSLfYAM?fields=Name,Email__c,Phone"
  },
  {
    "method": "GET",
    "url": "/v58.0/sobjects/account/001IS000005dSLcYAM?fields=Name,Email__c,Phone"
  },
  {
    "method": "GET",
    "url": "/v58.0/sobjects/account/001IS000005dSLbYAM?fields=Name,Email__c,Phone"
  },
  {
    "method": "GET",
    "url": "/v58.0/sobjects/account/001IS000005dSLaYAM?fields=Name,Email__c,Phone"
  },
  {
    "method": "GET",
    "url": "/v58.0/sobjects/account/001IS000005dSLZYA2?fields=Name,Email__c,Phone"
  },
  {
    "method": "GET",
    "url": "/v58.0/sobjects/account/001IS000005dSLXYA2?fields=Name,Email__c,Phone"
  },
  {
    "method": "GET",
    "url": "/v58.0/sobjects/account/001IS000005dSLKYA2?fields=Name,Email__c,Phone"
  },
  {
    "method": "GET",
    "url": "/v58.0/sobjects/account/001IS000005dSLOYA2?fields=Name,Email__c,Phone"
  },
  {
    "method": "GET",
    "url": "/v58.0/sobjects/account/001IS000005dSLQYA2?fields=Name,Email__c,Phone"
  },
  {
    "method": "GET",
    "url": "/v58.0/sobjects/account/001IS000005dSLVYA2?fields=Name,Email__c,Phone"
  }
  
  
  
  

]}]]></ee:set-payload>
			</ee:message>
		</ee:transform>
		<salesforce-composite:execute-composite-batch doc:name="Execute composite batch" doc:id="ca462320-39b6-4b56-80b6-88d2b1ef988b" config-ref="Salesforce_Composite_Config">
			<salesforce-composite:sub-requests ><![CDATA[#[payload.batchRequests]]]></salesforce-composite:sub-requests>
		</salesforce-composite:execute-composite-batch>
		<logger level="INFO" doc:name="Logger" doc:id="b03b4c61-4407-4fc1-b451-ad67dc6f1a27" message="#[payload]"/>
	</flow>
	<flow name="newCase_Publish_Event" doc:id="bceacd3b-33f2-48b8-b6e9-c4a4a475e818" >
		<http:listener doc:name="Listener" doc:id="7358f8f1-2a4c-4431-a1c8-9576b033aa0f" config-ref="HTTP_Listener_config" path="/event"/>
		<ee:transform doc:name="Event payload" doc:id="5cba949a-a8e0-4831-a283-c7e48e41993b" >
			<ee:message >
				<ee:set-payload ><![CDATA[%dw 2.0
output application/json
---
[{
	Case__c : "Need to change the fields"
}]]]></ee:set-payload>
			</ee:message>
		</ee:transform>
		<salesforce:publish-platform-event-message doc:name="Publish platform event message" doc:id="01041b24-cab0-429e-bfc4-625a411b2007" config-ref="Salesforce_Config1" platformEventName="New_case_created__e"/>
		<ee:transform doc:name="payload-JSON" doc:id="b6a626b2-7d56-4a49-aeb3-28b501b0d17b" >
			<ee:message >
				<ee:set-payload ><![CDATA[%dw 2.0
output application/json
---
payload]]></ee:set-payload>
			</ee:message>
		</ee:transform>
		<logger level="INFO" doc:name="sent-payload" doc:id="b785afe1-2547-4ac4-bb48-c77b60b2b21a" message="#[payload]"/>
	</flow>
	<flow name="subscribe_event_flow" doc:id="729ef03b-4354-48a9-9e30-29988d4f0f58" >
		<salesforce:subscribe-channel-listener streamingChannel="/event/New_case_created__e" doc:name="Subscribe channel listener" doc:id="13a9e99b-22ee-4bd5-a8cd-5450d13a850f" config-ref="Salesforce_Config1"/>
		<logger level="INFO" doc:name="received-[payload]" doc:id="2730dad0-9d3f-436b-bf39-d5b019458986" message="received #[payload]"/>
	</flow>

</mule>
