<?xml version="1.0" encoding="UTF-8"?>

<mule xmlns:os="http://www.mulesoft.org/schema/mule/os" xmlns:salesforce="http://www.mulesoft.org/schema/mule/salesforce"
	xmlns:ee="http://www.mulesoft.org/schema/mule/ee/core"
	xmlns:snowflake="http://www.mulesoft.org/schema/mule/snowflake" xmlns:http="http://www.mulesoft.org/schema/mule/http" xmlns="http://www.mulesoft.org/schema/mule/core" xmlns:doc="http://www.mulesoft.org/schema/mule/documentation" xmlns:xsi="http://www.w3.org/2001/XMLSchema-instance" xsi:schemaLocation="http://www.mulesoft.org/schema/mule/core http://www.mulesoft.org/schema/mule/core/current/mule.xsd
http://www.mulesoft.org/schema/mule/http http://www.mulesoft.org/schema/mule/http/current/mule-http.xsd
http://www.mulesoft.org/schema/mule/snowflake http://www.mulesoft.org/schema/mule/snowflake/current/mule-snowflake.xsd
http://www.mulesoft.org/schema/mule/ee/core http://www.mulesoft.org/schema/mule/ee/core/current/mule-ee.xsd
http://www.mulesoft.org/schema/mule/salesforce http://www.mulesoft.org/schema/mule/salesforce/current/mule-salesforce.xsd
http://www.mulesoft.org/schema/mule/os http://www.mulesoft.org/schema/mule/os/current/mule-os.xsd">
	<http:listener-config name="HTTP_Listener_config" doc:name="HTTP Listener config" doc:id="b3dc572f-d464-49d0-a68b-d61b984bda15" basePath="/api" >
		<http:listener-connection host="0.0.0.0" port="8082" />
	</http:listener-config>
	<snowflake:snowflake-config name="Snowflake_Config" doc:name="Snowflake Config" doc:id="9945341c-f669-4183-a33e-8aa1994c8816" >
		<snowflake:snowflake-connection accountName="nibdrqg-jk32105" warehouse="COMPUTE_WH" database="MULETEST" schema="DEVELOPER" user="MULEDEVELOPER" password="Gayathri@22"/>
	</snowflake:snowflake-config>
	<salesforce:sfdc-config name="Salesforce_Config1" doc:name="Salesforce Config" doc:id="6166e911-44b4-4604-8bfd-38e2c13b6197" >
		<salesforce:basic-connection securityToken="3vBLeAkQ7XfNIo8oI2jIteI8K" username="gayathri-47xs@force.com" password='Gayathri@22' url="https://login.salesforce.com/services/Soap/u/59.0"/>
	</salesforce:sfdc-config>
	<os:object-store name="Object_store" doc:name="Object store" doc:id="304c9327-67d2-4fbd-a6c3-400e6bb2e5ed" />
	<flow name="snowflake_salesforceFlow" doc:id="f544de43-778e-417b-a89e-7a9d976160ce" >
		<http:listener doc:name="Listener" doc:id="31fe9e04-28bf-4f5f-964d-c171e0c7a883" config-ref="HTTP_Listener_config" path="/snowSalesdemo"/>
		<logger level="INFO" doc:name="LOG-START OF SNOWFLAKE_SALESFORCE FLOW" doc:id="0bdccc12-343c-42f8-baa5-82a142e55080" />
		<snowflake:select doc:name="Select records from Stream" doc:id="f68bd168-715c-4290-9df8-0faa408c310c" config-ref="Snowflake_Config">
			<snowflake:sql ><![CDATA[SELECT * FROM CUSTOMERS_STREAM]]></snowflake:sql>
		</snowflake:select>
		<ee:transform doc:name="Mapping of salesforce and snowflake columns" doc:id="d02ae20d-9c38-4298-b00f-25615277c6ad" >
			<ee:message >
				<ee:set-payload ><![CDATA[%dw 2.0
output application/json
var operation="METADATA" ++ "\$" ++ "ACTION"
var rowid = "METADATA" ++ "\$" ++ "ROW_ID"
var isupdate = "METADATA" ++ "\$" ++ "ISUPDATE"
---
(payload map (item, index)->{
Phone : item.PHONE,
CustomerId__c : item.CUSTOMERID,
Name : item.NAME,
operation: item.'$(operation)',
Metadata : item.'$(rowid)',
isupdate : item.'$(isupdate)'
}) groupBy $.operation]]></ee:set-payload>
			</ee:message>
			<ee:variables >
				<ee:set-variable variableName="response" ><![CDATA[%dw 2.0
output application/json
---
[]]]></ee:set-variable>
			</ee:variables>
		</ee:transform>
		<foreach doc:name="For Each" doc:id="13cbb894-c16a-45f5-b1d9-dcdfd24f8709" collection="#[payload]">
			<logger level="INFO" doc:name="(for-each) - payload" doc:id="6be342e6-bb14-4f22-8648-c7bf7f5910af" message="#[payload]"/>
			<ee:transform doc:name="To check (keys of payload)" doc:id="c3c467e0-5e40-4356-86bd-6cd4812eb79e" >
				<ee:message >
					<ee:set-payload ><![CDATA[%dw 2.0
output application/json
---
if('$(keysOf(payload)[0])' == "INSERT")
(payload.'$(keysOf(payload)[0])') map $ - "operation" - "Metadata" - "isupdate"
else
(payload.'$(keysOf(payload)[0])') filter ((item, index) -> item.isupdate == false )]]></ee:set-payload>
				</ee:message>
				<ee:variables >
					<ee:set-variable variableName="operation" ><![CDATA[%dw 2.0
output application/json
---
lower(keysOf(payload)[0])]]></ee:set-variable>
				</ee:variables>
			</ee:transform>
			<choice doc:name="Choice" doc:id="2cc12b55-65aa-407d-9c43-205b39e0d613" >
				<when expression='#[vars.operation == "insert"]'>
					<try doc:name="Try" doc:id="e2d6af33-8d1e-4440-9003-0ef06b29f4a2" >
						<salesforce:upsert doc:name="Upsert -'Insert or Update' to salesforce" doc:id="c9898fee-ceb5-4586-810b-9327e36338fe" config-ref="Salesforce_Config1" objectType="Account" externalIdFieldName="CustomerId__c">
					</salesforce:upsert>
						<error-handler >
							<on-error-propagate enableNotifications="true" logException="true" doc:name="On Error Propagate" doc:id="b05726d2-e969-4a2c-82fc-ce59498caedc" type="ANY">
								<logger level="ERROR" doc:name="Logger" doc:id="6f0422f8-c4d1-4f91-be17-e4ff55662fa9" message='#["ERROR-CANNOT DO INSERT OR UPDATE IN SALESFORCE"]'/>
							</on-error-propagate>
						</error-handler>
					</try>
				</when>
				<when expression='#[vars.operation == "delete" and (sizeOf(payload) &gt; 0)]'>
					<logger level="INFO" doc:name="LOG - DELETE -payload" doc:id="4f037fe5-e8c9-44b7-874a-773219a8e77a" message="LOG - DELETE #[payload]"/>
					<set-variable value="#[[]]" doc:name="Set Variable -[ ]" doc:id="bc54421f-83e8-461a-989f-eab1b386bda1" variableName="deleteId"/>
					<foreach doc:name="For Each" doc:id="1908bf7f-aad0-446d-b007-cbbb3348f21f" collection="#[payload]">
						<try doc:name="Try" doc:id="02e3dcc5-c611-4b27-bdb1-bf79ab3cc4bd" >
							<salesforce:query doc:name="Query to get ID from salesforce response" doc:id="158388b4-f73b-49b8-a174-2ba349bb1339" config-ref="Salesforce_Config1">
						<salesforce:salesforce-query><![CDATA[select Id from Account where Name = ':Name' and CustomerId__c = :CustomerId__c and Phone = ':Phone']]></salesforce:salesforce-query>
						<salesforce:parameters><![CDATA[#[{
	"Name": payload.Name,
	"CustomerId__c": payload.CustomerId__c,
	"Phone": payload.Phone
}]]]></salesforce:parameters>
					</salesforce:query>
							<error-handler >
								<on-error-propagate enableNotifications="true" logException="true" doc:name="On Error Propagate" doc:id="cae5deeb-b87a-4849-b2b9-edae8a86ce93" type="ANY">
									<logger level="INFO" doc:name="Logger" doc:id="b8434008-976f-493f-b838-107a8a868591" message="#[error]"/>
								</on-error-propagate>
							</error-handler>
						</try>
						<ee:transform doc:name="For-each response" doc:id="9a95294f-1f8b-4fe8-8989-27757bc03988">
						<ee:message>
						</ee:message>
							<ee:variables >
								<ee:set-variable variableName="deleteId" ><![CDATA[%dw 2.0
output application/json
---
vars.deleteId ++ payload]]></ee:set-variable>
							</ee:variables>
					</ee:transform>
					</foreach>
					<salesforce:delete doc:name="Delete" doc:id="eb9459c2-7817-47ee-a9aa-5422a32e9c35" config-ref="Salesforce_Config1">
						<salesforce:ids><![CDATA[#[vars.deleteId.Id]]]></salesforce:ids>
					</salesforce:delete>
				</when>
				<otherwise >
					<logger level="INFO" doc:name="Logger" doc:id="5c282595-0638-475e-8465-5c5673b28b7d" />
				</otherwise>
			</choice>
			<logger level="INFO" doc:name="LOG- END OF FOR-EACH " doc:id="ad6af0d5-7fdd-4688-ac0c-429f09b5dda3" message="#[payload]"/>
			<ee:transform doc:name="Get the response from Salesforce" doc:id="d03fdfe1-4194-4d9a-bca6-04ba16acecdc" >
				<ee:message >
				</ee:message>
				<ee:variables >
					<ee:set-variable variableName="response" ><![CDATA[%dw 2.0
output application/json


---
vars.response + payload]]></ee:set-variable>
					<ee:set-variable variableName="id" ><![CDATA[%dw 2.0
output application/json
---
payload.items flatMap ((item, index) -> item.successful)	
]]></ee:set-variable>
				</ee:variables>
			</ee:transform>
		</foreach>
		<choice doc:name="Choice" doc:id="d76c1c58-5dbc-42b5-a8fc-f4bb0fe22aed">
			<when expression='#[!(vars.id contains "false")]'>
				<snowflake:execute-script doc:name="Execute script" doc:id="200e39ba-cbbd-4401-8333-979913b2d165" config-ref="Snowflake_Config">
					<snowflake:sql><![CDATA[INSERT INTO Stream_History(CUSTOMERID,NAME,EMAIL,PHONE,
                           METADATA$ACTION,METADATA$ISUPDATE,METADATA$ROW_ID)
SELECT CUSTOMERID,NAME,EMAIL,PHONE,
                           METADATA$ACTION,METADATA$ISUPDATE,UPPER(METADATA$ROW_ID)
FROM CUSTOMERS_STREAM;
TRUNCATE TABLE Stream_History;]]></snowflake:sql>
				</snowflake:execute-script>
			</when>
			<otherwise>
				<logger level="INFO" doc:name="LOG- RESPONSE FROM SF WHICH HAS ERROR" doc:id="e641637f-e728-496a-8d9f-cc2b744dc053" message='#[{"Response from Salesforce which has error" :  vars.response}]' />
			</otherwise>
		</choice>
		<set-payload value="#[vars.response]" doc:name="Set Payload" doc:id="b7d6d619-58ad-433c-8b01-ad667919b430" />
	</flow>
</mule>
